{"cameraMode":{"drawMode":0,"name":"Shaded","section":"Shading Mode"},"sceneLighting":true,"audioPlay":false,"sceneViewState":{"m_AlwaysRefresh":false,"showFog":true,"showSkybox":true,"showFlares":true,"showImageEffects":true,"showParticleSystems":true,"showVisualEffectGraphs":true,"m_FxEnabled":true},"in2DMode":false,"pivot":{"x":0.0646030455827713,"y":4.09563684463501,"z":-5.368535995483398},"rotation":{"x":-0.006395372096449137,"y":0.010338893160223961,"z":-0.008293654769659043,"w":1.0008478164672852},"size":0.03434683755040169,"orthographic":false}