{"cameraMode":{"drawMode":0,"name":"Shaded","section":"Shading Mode"},"sceneLighting":true,"audioPlay":false,"sceneViewState":{"m_AlwaysRefresh":false,"showFog":true,"showSkybox":true,"showFlares":true,"showImageEffects":true,"showParticleSystems":true,"showVisualEffectGraphs":true,"m_FxEnabled":true},"in2DMode":false,"pivot":{"x":-7.210000038146973,"y":2.7400002479553224,"z":82.16000366210938},"rotation":{"x":0.13305939733982087,"y":0.07126674056053162,"z":-0.00958730187267065,"w":0.9885198473930359},"size":72.20836639404297,"orthographic":false}