{"cameraMode":{"drawMode":0,"name":"Shaded","section":"Shading Mode"},"sceneLighting":true,"audioPlay":false,"sceneViewState":{"m_AlwaysRefresh":false,"showFog":true,"showSkybox":true,"showFlares":true,"showImageEffects":true,"showParticleSystems":true,"showVisualEffectGraphs":true,"m_FxEnabled":true},"in2DMode":false,"pivot":{"x":-0.000003814697265625,"y":-2.9468460083007814,"z":45.932464599609378},"rotation":{"x":0.45855391025543215,"y":-0.024198614060878755,"z":0.0026697588618844749,"w":0.8894971609115601},"size":71.82249450683594,"orthographic":false}