{"cameraMode":{"drawMode":0,"name":"Shaded","section":"Shading Mode"},"sceneLighting":true,"audioPlay":false,"sceneViewState":{"m_AlwaysRefresh":false,"showFog":true,"showSkybox":true,"showFlares":true,"showImageEffects":true,"showParticleSystems":true,"showVisualEffectGraphs":true,"m_FxEnabled":true},"in2DMode":false,"pivot":{"x":-0.00004510479993768968,"y":0.6911627054214478,"z":-8.949999809265137},"rotation":{"x":0.09940457344055176,"y":-0.024977579712867738,"z":-0.006196273025125265,"w":0.9957453012466431},"size":0.43479517102241518,"orthographic":false}