{"cameraMode":{"drawMode":0,"name":"Shaded","section":"Shading Mode"},"sceneLighting":true,"audioPlay":false,"sceneViewState":{"m_AlwaysRefresh":false,"showFog":true,"showSkybox":true,"showFlares":true,"showImageEffects":true,"showParticleSystems":true,"showVisualEffectGraphs":true,"m_FxEnabled":true},"in2DMode":false,"pivot":{"x":0.23875917494297028,"y":0.9293873906135559,"z":-8.949999809265137},"rotation":{"x":0.05101659893989563,"y":0.033883776515722278,"z":-0.009645220823585987,"w":0.999119758605957},"size":0.3555181622505188,"orthographic":false}