{"cameraMode":{"drawMode":0,"name":"Shaded","section":"Shading Mode"},"sceneLighting":true,"audioPlay":false,"sceneViewState":{"m_AlwaysRefresh":false,"showFog":true,"showSkybox":true,"showFlares":true,"showImageEffects":true,"showParticleSystems":true,"showVisualEffectGraphs":true,"m_FxEnabled":true},"in2DMode":false,"pivot":{"x":0.09200000017881394,"y":1.1269999742507935,"z":-0.5109999775886536},"rotation":{"x":0.1871001124382019,"y":-0.08765166997909546,"z":0.009061410091817379,"w":0.9794605374336243},"size":0.988278865814209,"orthographic":false}