{"cameraMode":{"drawMode":0,"name":"Shaded","section":"Shading Mode"},"sceneLighting":true,"audioPlay":false,"sceneViewState":{"m_AlwaysRefresh":false,"showFog":true,"showSkybox":true,"showFlares":true,"showImageEffects":true,"showParticleSystems":true,"showVisualEffectGraphs":true,"m_FxEnabled":true},"in2DMode":false,"pivot":{"x":0.142661914229393,"y":1.1500886678695679,"z":-8.949999809265137},"rotation":{"x":0.09645993262529373,"y":0.00890950858592987,"z":-0.008525117300450802,"w":0.9963269233703613},"size":0.07163823395967484,"orthographic":false}