{"cameraMode":{"drawMode":0,"name":"Shaded","section":"Shading Mode"},"sceneLighting":true,"audioPlay":false,"sceneViewState":{"m_AlwaysRefresh":false,"showFog":true,"showSkybox":true,"showFlares":true,"showImageEffects":true,"showParticleSystems":true,"showVisualEffectGraphs":true,"m_FxEnabled":true},"in2DMode":false,"pivot":{"x":0.027920298278331758,"y":1.3901174068450928,"z":-8.949999809265137},"rotation":{"x":-0.023476552218198777,"y":-0.030020900070667268,"z":-0.008855616673827172,"w":1.0002734661102296},"size":0.3215831518173218,"orthographic":false}