{"cameraMode":{"drawMode":0,"name":"Shaded","section":"Shading Mode"},"sceneLighting":true,"audioPlay":false,"sceneViewState":{"m_AlwaysRefresh":false,"showFog":true,"showSkybox":true,"showFlares":true,"showImageEffects":true,"showParticleSystems":true,"showVisualEffectGraphs":true,"m_FxEnabled":true},"in2DMode":false,"pivot":{"x":0.06914673000574112,"y":1.2466020584106446,"z":-8.949999809265137},"rotation":{"x":0.07568580657243729,"y":-0.013371095061302185,"z":-0.00663313502445817,"w":0.9980849623680115},"size":0.45038512349128725,"orthographic":false}