{"cameraMode":{"drawMode":0,"name":"Shaded","section":"Shading Mode"},"sceneLighting":true,"audioPlay":false,"sceneViewState":{"m_AlwaysRefresh":false,"showFog":true,"showSkybox":true,"showFlares":true,"showImageEffects":true,"showParticleSystems":true,"showVisualEffectGraphs":true,"m_FxEnabled":true},"in2DMode":false,"pivot":{"x":0.00003337860107421875,"y":0.5705161094665527,"z":-0.09493806958198548},"rotation":{"x":0.07684238255023956,"y":-0.006859234534204006,"z":-0.007992967963218689,"w":0.9980165958404541},"size":0.84516441822052,"orthographic":false}