{"cameraMode":{"drawMode":0,"name":"Shaded","section":"Shading Mode"},"sceneLighting":true,"audioPlay":false,"sceneViewState":{"m_AlwaysRefresh":false,"showFog":true,"showSkybox":true,"showFlares":true,"showImageEffects":true,"showParticleSystems":true,"showVisualEffectGraphs":true,"m_FxEnabled":true},"in2DMode":false,"pivot":{"x":-0.1844814419746399,"y":0.6242712736129761,"z":-8.949999809265137},"rotation":{"x":-0.09144701063632965,"y":0.04760893061757088,"z":0.0040834140963852409,"w":-0.9956815242767334},"size":0.2971724271774292,"orthographic":false}